<?xml version="1.0" encoding="UTF-8"?>
<!-- IMPORTANT: This is an internal file that has been generated
     by the Xilinx ISE software.  Any direct editing or
     changes made to this file may result in unpredictable
     behavior or data corruption.  It is strongly advised that
     users do not edit the contents of this file. -->
<DeviceUsageSummary rev="4">
<DesignStatistics TimeStamp="Thu Feb  6 21:47:43 2025"><group name="NetStatistics">
<item name="NumNets_Active" rev="4">
<attrib name="value" value="39743"/></item>
<item name="NumNets_Gnd" rev="4">
<attrib name="value" value="1"/></item>
<item name="NumNets_Vcc" rev="4">
<attrib name="value" value="1"/></item>
<item name="NumNodesOfType_Active_BRAMADDR" rev="4">
<attrib name="value" value="2075"/></item>
<item name="NumNodesOfType_Active_BRAMDUMMY" rev="4">
<attrib name="value" value="2621"/></item>
<item name="NumNodesOfType_Active_CLKPIN" rev="4">
<attrib name="value" value="12236"/></item>
<item name="NumNodesOfType_Active_CNTRLPIN" rev="4">
<attrib name="value" value="16583"/></item>
<item name="NumNodesOfType_Active_DOUBLE" rev="4">
<attrib name="value" value="94172"/></item>
<item name="NumNodesOfType_Active_DUMMY" rev="4">
<attrib name="value" value="71695"/></item>
<item name="NumNodesOfType_Active_DUMMYBANK" rev="4">
<attrib name="value" value="2184"/></item>
<item name="NumNodesOfType_Active_DUMMYESC" rev="4">
<attrib name="value" value="12"/></item>
<item name="NumNodesOfType_Active_GLOBAL" rev="4">
<attrib name="value" value="1289"/></item>
<item name="NumNodesOfType_Active_HFULLHEX" rev="4">
<attrib name="value" value="1390"/></item>
<item name="NumNodesOfType_Active_HLONG" rev="4">
<attrib name="value" value="551"/></item>
<item name="NumNodesOfType_Active_HUNIHEX" rev="4">
<attrib name="value" value="13278"/></item>
<item name="NumNodesOfType_Active_INPUT" rev="4">
<attrib name="value" value="101873"/></item>
<item name="NumNodesOfType_Active_IOBOUTPUT" rev="4">
<attrib name="value" value="254"/></item>
<item name="NumNodesOfType_Active_OMUX" rev="4">
<attrib name="value" value="31182"/></item>
<item name="NumNodesOfType_Active_OUTPUT" rev="4">
<attrib name="value" value="39134"/></item>
<item name="NumNodesOfType_Active_PREBXBY" rev="4">
<attrib name="value" value="22694"/></item>
<item name="NumNodesOfType_Active_VFULLHEX" rev="4">
<attrib name="value" value="5978"/></item>
<item name="NumNodesOfType_Active_VLONG" rev="4">
<attrib name="value" value="1133"/></item>
<item name="NumNodesOfType_Active_VUNIHEX" rev="4">
<attrib name="value" value="8450"/></item>
<item name="NumNodesOfType_Gnd_BRAMADDR" rev="4">
<attrib name="value" value="407"/></item>
<item name="NumNodesOfType_Gnd_BRAMDUMMY" rev="4">
<attrib name="value" value="613"/></item>
<item name="NumNodesOfType_Gnd_CLKPIN" rev="4">
<attrib name="value" value="6"/></item>
<item name="NumNodesOfType_Gnd_CNTRLPIN" rev="4">
<attrib name="value" value="646"/></item>
<item name="NumNodesOfType_Gnd_DOUBLE" rev="4">
<attrib name="value" value="664"/></item>
<item name="NumNodesOfType_Gnd_DUMMY" rev="4">
<attrib name="value" value="186"/></item>
<item name="NumNodesOfType_Gnd_DUMMYBANK" rev="4">
<attrib name="value" value="191"/></item>
<item name="NumNodesOfType_Gnd_HFULLHEX" rev="4">
<attrib name="value" value="1"/></item>
<item name="NumNodesOfType_Gnd_HUNIHEX" rev="4">
<attrib name="value" value="10"/></item>
<item name="NumNodesOfType_Gnd_INPUT" rev="4">
<attrib name="value" value="1460"/></item>
<item name="NumNodesOfType_Gnd_OMUX" rev="4">
<attrib name="value" value="605"/></item>
<item name="NumNodesOfType_Gnd_OUTPUT" rev="4">
<attrib name="value" value="469"/></item>
<item name="NumNodesOfType_Gnd_PREBXBY" rev="4">
<attrib name="value" value="748"/></item>
<item name="NumNodesOfType_Gnd_VFULLHEX" rev="4">
<attrib name="value" value="53"/></item>
<item name="NumNodesOfType_Gnd_VLONG" rev="4">
<attrib name="value" value="1"/></item>
<item name="NumNodesOfType_Gnd_VUNIHEX" rev="4">
<attrib name="value" value="13"/></item>
<item name="NumNodesOfType_Vcc_CNTRLPIN" rev="4">
<attrib name="value" value="213"/></item>
<item name="NumNodesOfType_Vcc_DUMMY" rev="4">
<attrib name="value" value="3520"/></item>
<item name="NumNodesOfType_Vcc_INPUT" rev="4">
<attrib name="value" value="7285"/></item>
<item name="NumNodesOfType_Vcc_PREBXBY" rev="4">
<attrib name="value" value="298"/></item>
<item name="NumNodesOfType_Vcc_VCCOUT" rev="4">
<attrib name="value" value="812"/></item>
</group>
<group name="MiscellaneousStatistics">
<item name="AGG_BONDED_IO" rev="3">
<attrib name="value" value="356"/></item>
<item name="AGG_IO" rev="3">
<attrib name="value" value="356"/></item>
<item name="NUM_4_INPUT_LUT" rev="3">
<attrib name="value" value="23144"/></item>
<item name="NUM_BONDED_IOB" rev="3">
<attrib name="value" value="356"/></item>
<item name="NUM_BUFGMUX" rev="3">
<attrib name="value" value="8"/></item>
<item name="NUM_DCM" rev="3">
<attrib name="value" value="6"/></item>
<item name="NUM_DP_RAM" rev="3">
<attrib name="value" value="1964"/></item>
<item name="NUM_IOB_FF" rev="3">
<attrib name="value" value="651"/></item>
<item name="NUM_LUT_RT" rev="3">
<attrib name="value" value="1250"/></item>
<item name="NUM_RAM16" rev="3">
<attrib name="value" value="160"/></item>
<item name="NUM_RAM32" rev="3">
<attrib name="value" value="384"/></item>
<item name="NUM_RAMB16" rev="3">
<attrib name="value" value="108"/></item>
<item name="NUM_RPM" rev="3">
<attrib name="value" value="25"/></item>
<item name="NUM_SHIFT" rev="3">
<attrib name="value" value="576"/></item>
<item name="NUM_SLICE" rev="3">
<attrib name="value" value="15098"/></item>
<item name="NUM_SLICE_FF" rev="3">
<attrib name="value" value="14598"/></item>
<item name="Xilinx Core blkmemdp_v6_3, Xilinx CORE Generator 10.1" rev="3">
<attrib name="value" value="1"/></item>
<item name="Xilinx Core cam_v5_1, Xilinx CORE Generator 10.1.03_ip3" rev="3">
<attrib name="value" value="3"/></item>
<item name="Xilinx Core fifo_generator_v3_2, Xilinx CORE Generator 10.1.03_ip3" rev="3">
<attrib name="value" value="4"/></item>
<item name="Xilinx Core fifo_generator_v4_2, Xilinx CORE Generator 10.1.03_ip3" rev="3">
<attrib name="value" value="26"/></item>
</group>
</DesignStatistics>
<DeviceUsage TimeStamp="Thu Feb  6 21:47:43 2025"><group name="SiteSummary">
<item name="BUFGMUX" rev="4">
<attrib name="total" value="1000000"/><attrib name="used" value="8"/></item>
<item name="BUFGMUX_GCLKMUX" rev="4">
<attrib name="total" value="1000000"/><attrib name="used" value="8"/></item>
<item name="BUFGMUX_GCLK_BUFFER" rev="4">
<attrib name="total" value="1000000"/><attrib name="used" value="8"/></item>
<item name="DCM" rev="4">
<attrib name="total" value="1000000"/><attrib name="used" value="6"/></item>
<item name="DCM_DCM" rev="4">
<attrib name="total" value="1000000"/><attrib name="used" value="6"/></item>
<item name="IOB" rev="4">
<attrib name="total" value="1000000"/><attrib name="used" value="356"/></item>
<item name="IOB_DELAY" rev="4">
<attrib name="total" value="1000000"/><attrib name="used" value="101"/></item>
<item name="IOB_IFF1" rev="4">
<attrib name="total" value="1000000"/><attrib name="used" value="219"/></item>
<item name="IOB_IFF2" rev="4">
<attrib name="total" value="1000000"/><attrib name="used" value="23"/></item>
<item name="IOB_INBUF" rev="4">
<attrib name="total" value="1000000"/><attrib name="used" value="234"/></item>
<item name="IOB_OFF1" rev="4">
<attrib name="total" value="1000000"/><attrib name="used" value="247"/></item>
<item name="IOB_OFF2" rev="4">
<attrib name="total" value="1000000"/><attrib name="used" value="26"/></item>
<item name="IOB_OFFDDRBLACKBOX" rev="4">
<attrib name="total" value="1000000"/><attrib name="used" value="26"/></item>
<item name="IOB_OUTBUF" rev="4">
<attrib name="total" value="1000000"/><attrib name="used" value="259"/></item>
<item name="IOB_PAD" rev="4">
<attrib name="total" value="1000000"/><attrib name="used" value="356"/></item>
<item name="IOB_TFF1" rev="4">
<attrib name="total" value="1000000"/><attrib name="used" value="136"/></item>
<item name="RAMB16" rev="4">
<attrib name="total" value="1000000"/><attrib name="used" value="108"/></item>
<item name="RAMB16_RAMB16" rev="4">
<attrib name="total" value="1000000"/><attrib name="used" value="108"/></item>
<item name="RAMB16_RAMB16A" rev="4">
<attrib name="total" value="1000000"/><attrib name="used" value="108"/></item>
<item name="RAMB16_RAMB16B" rev="4">
<attrib name="total" value="1000000"/><attrib name="used" value="108"/></item>
<item name="SLICE" rev="4">
<attrib name="total" value="1000000"/><attrib name="used" value="15098"/></item>
<item name="SLICE_BXOUTUSED" rev="4">
<attrib name="total" value="1000000"/><attrib name="used" value="192"/></item>
<item name="SLICE_C1VDD" rev="4">
<attrib name="total" value="1000000"/><attrib name="used" value="162"/></item>
<item name="SLICE_C2VDD" rev="4">
<attrib name="total" value="1000000"/><attrib name="used" value="179"/></item>
<item name="SLICE_CYMUXF" rev="4">
<attrib name="total" value="1000000"/><attrib name="used" value="2100"/></item>
<item name="SLICE_CYMUXG" rev="4">
<attrib name="total" value="1000000"/><attrib name="used" value="1877"/></item>
<item name="SLICE_F" rev="4">
<attrib name="total" value="1000000"/><attrib name="used" value="11228"/></item>
<item name="SLICE_F5MUX" rev="4">
<attrib name="total" value="1000000"/><attrib name="used" value="1085"/></item>
<item name="SLICE_F6MUX" rev="4">
<attrib name="total" value="1000000"/><attrib name="used" value="227"/></item>
<item name="SLICE_FAND" rev="4">
<attrib name="total" value="1000000"/><attrib name="used" value="3"/></item>
<item name="SLICE_FFX" rev="4">
<attrib name="total" value="1000000"/><attrib name="used" value="5838"/></item>
<item name="SLICE_FFY" rev="4">
<attrib name="total" value="1000000"/><attrib name="used" value="8760"/></item>
<item name="SLICE_G" rev="4">
<attrib name="total" value="1000000"/><attrib name="used" value="11916"/></item>
<item name="SLICE_GAND" rev="4">
<attrib name="total" value="1000000"/><attrib name="used" value="1"/></item>
<item name="SLICE_GNDF" rev="4">
<attrib name="total" value="1000000"/><attrib name="used" value="1357"/></item>
<item name="SLICE_GNDG" rev="4">
<attrib name="total" value="1000000"/><attrib name="used" value="1192"/></item>
<item name="SLICE_WSGEN" rev="4">
<attrib name="total" value="1000000"/><attrib name="used" value="1600"/></item>
<item name="SLICE_XORF" rev="4">
<attrib name="total" value="1000000"/><attrib name="used" value="1431"/></item>
<item name="SLICE_XORG" rev="4">
<attrib name="total" value="1000000"/><attrib name="used" value="1104"/></item>
<item name="SLICE_YBUSED" rev="4">
<attrib name="total" value="1000000"/><attrib name="used" value="78"/></item>
</group>
</DeviceUsage>
<ReportConfigData TimeStamp="Thu Feb  6 21:47:43 2025"><group name="IOB_OFF1">
<item name="LATCH_OR_FF" rev="4">
<attrib name="FF" value="247"/></item>
<item name="OFF1_INIT_ATTR" rev="4">
<attrib name="INIT0" value="247"/></item>
<item name="OFF1_SR_ATTR" rev="4">
<attrib name="SRLOW" value="70"/></item>
<item name="OFFATTRBOX" rev="4">
<attrib name="SYNC" value="70"/></item>
</group>
<group name="IOB_OFF2">
<item name="LATCH_OR_FF" rev="4">
<attrib name="FF" value="26"/></item>
<item name="OFF2_INIT_ATTR" rev="4">
<attrib name="INIT0" value="26"/></item>
<item name="OFF2_SR_ATTR" rev="4">
<attrib name="SRLOW" value="20"/></item>
<item name="OFFATTRBOX" rev="4">
<attrib name="SYNC" value="20"/></item>
</group>
<group name="RAMB16_RAMB16A">
<item name="PORTA_ATTR" rev="4">
<attrib name="16384X1" value="8"/><attrib name="512X36" value="50"/><attrib name="8192X2" value="20"/><attrib name="1024X18" value="18"/><attrib name="4096X4" value="12"/></item>
<item name="WRITEMODEA" rev="4">
<attrib name="NO_CHANGE" value="2"/><attrib name="WRITE_FIRST" value="83"/><attrib name="READ_FIRST" value="23"/></item>
</group>
<group name="RAMB16_RAMB16B">
<item name="PORTB_ATTR" rev="4">
<attrib name="512X36" value="86"/><attrib name="1024X18" value="22"/></item>
<item name="WRITEMODEB" rev="4">
<attrib name="WRITE_FIRST" value="88"/><attrib name="READ_FIRST" value="20"/></item>
</group>
<group name="IOB_IFF1">
<item name="IFF1_INIT_ATTR" rev="4">
<attrib name="INIT0" value="219"/></item>
<item name="IFF1_SR_ATTR" rev="4">
<attrib name="SRLOW" value="20"/></item>
<item name="IFFATTRBOX" rev="4">
<attrib name="ASYNC" value="20"/></item>
<item name="LATCH_OR_FF" rev="4">
<attrib name="FF" value="219"/></item>
</group>
<group name="IOB_IFF2">
<item name="IFF2_INIT_ATTR" rev="4">
<attrib name="INIT0" value="23"/></item>
<item name="IFF2_SR_ATTR" rev="4">
<attrib name="SRLOW" value="20"/></item>
<item name="IFFATTRBOX" rev="4">
<attrib name="ASYNC" value="20"/></item>
<item name="LATCH_OR_FF" rev="4">
<attrib name="FF" value="23"/></item>
</group>
<group name="SLICE_FFX">
<item name="FFX_INIT_ATTR" rev="4">
<attrib name="INIT0" value="5570"/><attrib name="INIT1" value="268"/></item>
<item name="FFX_SR_ATTR" rev="4">
<attrib name="SRLOW" value="5500"/><attrib name="SRHIGH" value="338"/></item>
<item name="LATCH_OR_FF" rev="4">
<attrib name="FF" value="5838"/></item>
<item name="SYNC_ATTR" rev="4">
<attrib name="ASYNC" value="3593"/><attrib name="SYNC" value="2245"/></item>
</group>
<group name="SLICE_FFY">
<item name="FFY_INIT_ATTR" rev="4">
<attrib name="INIT0" value="8438"/><attrib name="INIT1" value="322"/></item>
<item name="FFY_SR_ATTR" rev="4">
<attrib name="SRLOW" value="8256"/><attrib name="SRHIGH" value="504"/></item>
<item name="LATCH_OR_FF" rev="4">
<attrib name="FF" value="8760"/></item>
<item name="SYNC_ATTR" rev="4">
<attrib name="ASYNC" value="5056"/><attrib name="SYNC" value="3704"/></item>
</group>
<group name="IOB_TFF1">
<item name="LATCH_OR_FF" rev="4">
<attrib name="FF" value="136"/></item>
<item name="TFF1_INIT_ATTR" rev="4">
<attrib name="INIT0" value="72"/><attrib name="INIT1" value="64"/></item>
<item name="TFF1_SR_ATTR" rev="4">
<attrib name="SRHIGH" value="64"/></item>
<item name="TFFATTRBOX" rev="4">
<attrib name="SYNC" value="64"/></item>
</group>
<group name="BUFGMUX_GCLKMUX">
<item name="DISABLE_ATTR" rev="4">
<attrib name="LOW" value="8"/></item>
</group>
<group name="SLICE_WSGEN">
<item name="SYNC_ATTR" rev="4">
<attrib name="ASYNC" value="498"/></item>
</group>
<group name="SLICE_F">
<item name="F_ATTR" rev="4">
<attrib name="DUAL_PORT" value="976"/><attrib name="SHIFT_REG" value="236"/></item>
<item name="LUT_OR_MEM" rev="4">
<attrib name="LUT" value="9744"/><attrib name="RAM" value="1484"/></item>
</group>
<group name="SLICE_G">
<item name="G_ATTR" rev="4">
<attrib name="DUAL_PORT" value="988"/><attrib name="SHIFT_REG" value="340"/></item>
<item name="LUT_OR_MEM" rev="4">
<attrib name="LUT" value="10316"/><attrib name="RAM" value="1600"/></item>
</group>
<group name="IOB_PAD">
<item name="DRIVEATTRBOX" rev="4">
<attrib name="12" value="259"/></item>
<item name="IOATTRBOX" rev="4">
<attrib name="LVCMOS25" value="356"/></item>
<item name="SLEW" rev="4">
<attrib name="SLOW" value="235"/><attrib name="FAST" value="24"/></item>
</group>
<group name="DCM_DCM">
<item name="CLKDV_DIVIDE" rev="4">
<attrib name="2" value="6"/></item>
<item name="CLKOUT_PHASE_SHIFT" rev="4">
<attrib name="NONE" value="2"/><attrib name="FIXED" value="4"/></item>
<item name="CLK_FEEDBACK" rev="4">
<attrib name="1X" value="6"/></item>
<item name="DESKEW_ADJUST" rev="4">
<attrib name="7" value="6"/></item>
<item name="DFS_FREQUENCY_MODE" rev="4">
<attrib name="LOW" value="6"/></item>
<item name="DLL_FREQUENCY_MODE" rev="4">
<attrib name="LOW" value="6"/></item>
<item name="DSS_MODE" rev="4">
<attrib name="NONE" value="6"/></item>
<item name="DUTY_CYCLE_CORRECTION" rev="4">
<attrib name="TRUE" value="6"/></item>
<item name="FACTORY_JF1" rev="4">
<attrib name="0XC0" value="6"/></item>
<item name="FACTORY_JF2" rev="4">
<attrib name="0X80" value="6"/></item>
</group>
</ReportConfigData>
<ReportPinData TimeStamp="Thu Feb  6 21:47:43 2025"><group name="SLICE_F6MUX">
<item name="0" rev="4">
<attrib name="value" value="227"/></item>
<item name="1" rev="4">
<attrib name="value" value="227"/></item>
<item name="OUT" rev="4">
<attrib name="value" value="227"/></item>
<item name="S0" rev="4">
<attrib name="value" value="227"/></item>
</group>
<group name="SLICE_BXOUTUSED">
<item name="0" rev="4">
<attrib name="value" value="192"/></item>
<item name="OUT" rev="4">
<attrib name="value" value="192"/></item>
</group>
<group name="BUFGMUX_GCLK_BUFFER">
<item name="IN" rev="4">
<attrib name="value" value="8"/></item>
<item name="OUT" rev="4">
<attrib name="value" value="8"/></item>
</group>
<group name="IOB_OFFDDRBLACKBOX">
<item name="OFF1" rev="4">
<attrib name="value" value="26"/></item>
<item name="OFF2" rev="4">
<attrib name="value" value="26"/></item>
<item name="OFFDDR" rev="4">
<attrib name="value" value="26"/></item>
</group>
<group name="RAMB16">
<item name="ADDRA0" rev="4">
<attrib name="value" value="8"/></item>
<item name="ADDRA1" rev="4">
<attrib name="value" value="28"/></item>
<item name="ADDRA10" rev="4">
<attrib name="value" value="108"/></item>
<item name="ADDRA11" rev="4">
<attrib name="value" value="108"/></item>
<item name="ADDRA12" rev="4">
<attrib name="value" value="108"/></item>
<item name="ADDRA13" rev="4">
<attrib name="value" value="108"/></item>
<item name="ADDRA2" rev="4">
<attrib name="value" value="40"/></item>
<item name="ADDRA3" rev="4">
<attrib name="value" value="40"/></item>
<item name="ADDRA4" rev="4">
<attrib name="value" value="58"/></item>
<item name="ADDRA5" rev="4">
<attrib name="value" value="108"/></item>
<item name="ADDRA6" rev="4">
<attrib name="value" value="108"/></item>
<item name="ADDRA7" rev="4">
<attrib name="value" value="108"/></item>
<item name="ADDRA8" rev="4">
<attrib name="value" value="108"/></item>
<item name="ADDRA9" rev="4">
<attrib name="value" value="108"/></item>
<item name="ADDRB10" rev="4">
<attrib name="value" value="108"/></item>
<item name="ADDRB11" rev="4">
<attrib name="value" value="108"/></item>
<item name="ADDRB12" rev="4">
<attrib name="value" value="108"/></item>
<item name="ADDRB13" rev="4">
<attrib name="value" value="108"/></item>
<item name="ADDRB4" rev="4">
<attrib name="value" value="22"/></item>
<item name="ADDRB5" rev="4">
<attrib name="value" value="108"/></item>
<item name="ADDRB6" rev="4">
<attrib name="value" value="108"/></item>
<item name="ADDRB7" rev="4">
<attrib name="value" value="108"/></item>
<item name="ADDRB8" rev="4">
<attrib name="value" value="108"/></item>
<item name="ADDRB9" rev="4">
<attrib name="value" value="108"/></item>
<item name="CLKA" rev="4">
<attrib name="value" value="108"/></item>
<item name="CLKB" rev="4">
<attrib name="value" value="108"/></item>
<item name="DIA0" rev="4">
<attrib name="value" value="88"/></item>
<item name="DIA1" rev="4">
<attrib name="value" value="80"/></item>
<item name="DIA10" rev="4">
<attrib name="value" value="60"/></item>
<item name="DIA11" rev="4">
<attrib name="value" value="60"/></item>
<item name="DIA12" rev="4">
<attrib name="value" value="60"/></item>
<item name="DIA13" rev="4">
<attrib name="value" value="60"/></item>
<item name="DIA14" rev="4">
<attrib name="value" value="60"/></item>
<item name="DIA15" rev="4">
<attrib name="value" value="60"/></item>
<item name="DIA16" rev="4">
<attrib name="value" value="50"/></item>
<item name="DIA17" rev="4">
<attrib name="value" value="50"/></item>
<item name="DIA18" rev="4">
<attrib name="value" value="50"/></item>
<item name="DIA19" rev="4">
<attrib name="value" value="50"/></item>
<item name="DIA2" rev="4">
<attrib name="value" value="60"/></item>
<item name="DIA20" rev="4">
<attrib name="value" value="50"/></item>
<item name="DIA21" rev="4">
<attrib name="value" value="50"/></item>
<item name="DIA22" rev="4">
<attrib name="value" value="50"/></item>
<item name="DIA23" rev="4">
<attrib name="value" value="50"/></item>
<item name="DIA24" rev="4">
<attrib name="value" value="50"/></item>
<item name="DIA25" rev="4">
<attrib name="value" value="50"/></item>
<item name="DIA26" rev="4">
<attrib name="value" value="50"/></item>
<item name="DIA27" rev="4">
<attrib name="value" value="50"/></item>
<item name="DIA28" rev="4">
<attrib name="value" value="50"/></item>
<item name="DIA29" rev="4">
<attrib name="value" value="50"/></item>
<item name="DIA3" rev="4">
<attrib name="value" value="60"/></item>
<item name="DIA30" rev="4">
<attrib name="value" value="50"/></item>
<item name="DIA31" rev="4">
<attrib name="value" value="50"/></item>
<item name="DIA4" rev="4">
<attrib name="value" value="60"/></item>
<item name="DIA5" rev="4">
<attrib name="value" value="60"/></item>
<item name="DIA6" rev="4">
<attrib name="value" value="60"/></item>
<item name="DIA7" rev="4">
<attrib name="value" value="60"/></item>
<item name="DIA8" rev="4">
<attrib name="value" value="60"/></item>
<item name="DIA9" rev="4">
<attrib name="value" value="60"/></item>
<item name="DIB0" rev="4">
<attrib name="value" value="34"/></item>
<item name="DIB1" rev="4">
<attrib name="value" value="34"/></item>
<item name="DIB10" rev="4">
<attrib name="value" value="34"/></item>
<item name="DIB11" rev="4">
<attrib name="value" value="34"/></item>
<item name="DIB12" rev="4">
<attrib name="value" value="34"/></item>
<item name="DIB13" rev="4">
<attrib name="value" value="34"/></item>
<item name="DIB14" rev="4">
<attrib name="value" value="34"/></item>
<item name="DIB15" rev="4">
<attrib name="value" value="34"/></item>
<item name="DIB16" rev="4">
<attrib name="value" value="33"/></item>
<item name="DIB17" rev="4">
<attrib name="value" value="33"/></item>
<item name="DIB18" rev="4">
<attrib name="value" value="33"/></item>
<item name="DIB19" rev="4">
<attrib name="value" value="33"/></item>
<item name="DIB2" rev="4">
<attrib name="value" value="34"/></item>
<item name="DIB20" rev="4">
<attrib name="value" value="33"/></item>
<item name="DIB21" rev="4">
<attrib name="value" value="33"/></item>
<item name="DIB22" rev="4">
<attrib name="value" value="33"/></item>
<item name="DIB23" rev="4">
<attrib name="value" value="33"/></item>
<item name="DIB24" rev="4">
<attrib name="value" value="33"/></item>
<item name="DIB25" rev="4">
<attrib name="value" value="33"/></item>
<item name="DIB26" rev="4">
<attrib name="value" value="33"/></item>
<item name="DIB27" rev="4">
<attrib name="value" value="33"/></item>
<item name="DIB28" rev="4">
<attrib name="value" value="33"/></item>
<item name="DIB29" rev="4">
<attrib name="value" value="33"/></item>
<item name="DIB3" rev="4">
<attrib name="value" value="34"/></item>
<item name="DIB30" rev="4">
<attrib name="value" value="33"/></item>
<item name="DIB31" rev="4">
<attrib name="value" value="33"/></item>
<item name="DIB4" rev="4">
<attrib name="value" value="34"/></item>
<item name="DIB5" rev="4">
<attrib name="value" value="34"/></item>
<item name="DIB6" rev="4">
<attrib name="value" value="34"/></item>
<item name="DIB7" rev="4">
<attrib name="value" value="34"/></item>
<item name="DIB8" rev="4">
<attrib name="value" value="34"/></item>
<item name="DIB9" rev="4">
<attrib name="value" value="34"/></item>
<item name="DIPA0" rev="4">
<attrib name="value" value="60"/></item>
<item name="DIPA1" rev="4">
<attrib name="value" value="60"/></item>
<item name="DIPA2" rev="4">
<attrib name="value" value="50"/></item>
<item name="DIPA3" rev="4">
<attrib name="value" value="50"/></item>
<item name="DIPB0" rev="4">
<attrib name="value" value="34"/></item>
<item name="DIPB1" rev="4">
<attrib name="value" value="34"/></item>
<item name="DIPB2" rev="4">
<attrib name="value" value="33"/></item>
<item name="DIPB3" rev="4">
<attrib name="value" value="33"/></item>
<item name="DOA0" rev="4">
<attrib name="value" value="36"/></item>
<item name="DOA1" rev="4">
<attrib name="value" value="32"/></item>
<item name="DOA10" rev="4">
<attrib name="value" value="24"/></item>
<item name="DOA11" rev="4">
<attrib name="value" value="24"/></item>
<item name="DOA12" rev="4">
<attrib name="value" value="24"/></item>
<item name="DOA13" rev="4">
<attrib name="value" value="24"/></item>
<item name="DOA14" rev="4">
<attrib name="value" value="24"/></item>
<item name="DOA15" rev="4">
<attrib name="value" value="24"/></item>
<item name="DOA16" rev="4">
<attrib name="value" value="14"/></item>
<item name="DOA17" rev="4">
<attrib name="value" value="14"/></item>
<item name="DOA18" rev="4">
<attrib name="value" value="14"/></item>
<item name="DOA19" rev="4">
<attrib name="value" value="7"/></item>
<item name="DOA2" rev="4">
<attrib name="value" value="32"/></item>
<item name="DOA20" rev="4">
<attrib name="value" value="7"/></item>
<item name="DOA21" rev="4">
<attrib name="value" value="7"/></item>
<item name="DOA22" rev="4">
<attrib name="value" value="7"/></item>
<item name="DOA23" rev="4">
<attrib name="value" value="7"/></item>
<item name="DOA24" rev="4">
<attrib name="value" value="7"/></item>
<item name="DOA25" rev="4">
<attrib name="value" value="7"/></item>
<item name="DOA26" rev="4">
<attrib name="value" value="7"/></item>
<item name="DOA27" rev="4">
<attrib name="value" value="7"/></item>
<item name="DOA28" rev="4">
<attrib name="value" value="7"/></item>
<item name="DOA29" rev="4">
<attrib name="value" value="7"/></item>
<item name="DOA3" rev="4">
<attrib name="value" value="32"/></item>
<item name="DOA30" rev="4">
<attrib name="value" value="7"/></item>
<item name="DOA31" rev="4">
<attrib name="value" value="7"/></item>
<item name="DOA4" rev="4">
<attrib name="value" value="24"/></item>
<item name="DOA5" rev="4">
<attrib name="value" value="24"/></item>
<item name="DOA6" rev="4">
<attrib name="value" value="24"/></item>
<item name="DOA7" rev="4">
<attrib name="value" value="24"/></item>
<item name="DOA8" rev="4">
<attrib name="value" value="24"/></item>
<item name="DOA9" rev="4">
<attrib name="value" value="24"/></item>
<item name="DOB0" rev="4">
<attrib name="value" value="85"/></item>
<item name="DOB1" rev="4">
<attrib name="value" value="82"/></item>
<item name="DOB10" rev="4">
<attrib name="value" value="85"/></item>
<item name="DOB11" rev="4">
<attrib name="value" value="77"/></item>
<item name="DOB12" rev="4">
<attrib name="value" value="81"/></item>
<item name="DOB13" rev="4">
<attrib name="value" value="77"/></item>
<item name="DOB14" rev="4">
<attrib name="value" value="80"/></item>
<item name="DOB15" rev="4">
<attrib name="value" value="76"/></item>
<item name="DOB16" rev="4">
<attrib name="value" value="62"/></item>
<item name="DOB17" rev="4">
<attrib name="value" value="62"/></item>
<item name="DOB18" rev="4">
<attrib name="value" value="62"/></item>
<item name="DOB19" rev="4">
<attrib name="value" value="54"/></item>
<item name="DOB2" rev="4">
<attrib name="value" value="86"/></item>
<item name="DOB20" rev="4">
<attrib name="value" value="54"/></item>
<item name="DOB21" rev="4">
<attrib name="value" value="54"/></item>
<item name="DOB22" rev="4">
<attrib name="value" value="53"/></item>
<item name="DOB23" rev="4">
<attrib name="value" value="53"/></item>
<item name="DOB24" rev="4">
<attrib name="value" value="58"/></item>
<item name="DOB25" rev="4">
<attrib name="value" value="58"/></item>
<item name="DOB26" rev="4">
<attrib name="value" value="58"/></item>
<item name="DOB27" rev="4">
<attrib name="value" value="54"/></item>
<item name="DOB28" rev="4">
<attrib name="value" value="54"/></item>
<item name="DOB29" rev="4">
<attrib name="value" value="53"/></item>
<item name="DOB3" rev="4">
<attrib name="value" value="82"/></item>
<item name="DOB30" rev="4">
<attrib name="value" value="52"/></item>
<item name="DOB31" rev="4">
<attrib name="value" value="53"/></item>
<item name="DOB4" rev="4">
<attrib name="value" value="82"/></item>
<item name="DOB5" rev="4">
<attrib name="value" value="78"/></item>
<item name="DOB6" rev="4">
<attrib name="value" value="81"/></item>
<item name="DOB7" rev="4">
<attrib name="value" value="77"/></item>
<item name="DOB8" rev="4">
<attrib name="value" value="85"/></item>
<item name="DOB9" rev="4">
<attrib name="value" value="81"/></item>
<item name="DOPA0" rev="4">
<attrib name="value" value="8"/></item>
<item name="DOPA1" rev="4">
<attrib name="value" value="8"/></item>
<item name="DOPB0" rev="4">
<attrib name="value" value="36"/></item>
<item name="DOPB1" rev="4">
<attrib name="value" value="35"/></item>
<item name="DOPB2" rev="4">
<attrib name="value" value="35"/></item>
<item name="DOPB3" rev="4">
<attrib name="value" value="35"/></item>
<item name="ENA" rev="4">
<attrib name="value" value="108"/></item>
<item name="ENB" rev="4">
<attrib name="value" value="108"/></item>
<item name="SSRA" rev="4">
<attrib name="value" value="108"/></item>
<item name="SSRB" rev="4">
<attrib name="value" value="108"/></item>
<item name="WEA" rev="4">
<attrib name="value" value="108"/></item>
<item name="WEB" rev="4">
<attrib name="value" value="108"/></item>
</group>
<group name="IOB_OFF1">
<item name="CE" rev="4">
<attrib name="value" value="40"/></item>
<item name="CK" rev="4">
<attrib name="value" value="247"/></item>
<item name="D" rev="4">
<attrib name="value" value="247"/></item>
<item name="Q" rev="4">
<attrib name="value" value="247"/></item>
<item name="REV" rev="4">
<attrib name="value" value="1"/></item>
<item name="SR" rev="4">
<attrib name="value" value="70"/></item>
</group>
<group name="IOB_OFF2">
<item name="CK" rev="4">
<attrib name="value" value="26"/></item>
<item name="D" rev="4">
<attrib name="value" value="26"/></item>
<item name="Q" rev="4">
<attrib name="value" value="26"/></item>
<item name="SR" rev="4">
<attrib name="value" value="20"/></item>
</group>
<group name="IOB_OUTBUF">
<item name="IN" rev="4">
<attrib name="value" value="259"/></item>
<item name="OUT" rev="4">
<attrib name="value" value="259"/></item>
<item name="TRI" rev="4">
<attrib name="value" value="137"/></item>
</group>
<group name="RAMB16_RAMB16A">
<item name="ADDRA" rev="4">
<attrib name="value" value="108"/></item>
<item name="ADDRA0" rev="4">
<attrib name="value" value="8"/></item>
<item name="ADDRA1" rev="4">
<attrib name="value" value="28"/></item>
<item name="ADDRA10" rev="4">
<attrib name="value" value="108"/></item>
<item name="ADDRA11" rev="4">
<attrib name="value" value="108"/></item>
<item name="ADDRA12" rev="4">
<attrib name="value" value="108"/></item>
<item name="ADDRA13" rev="4">
<attrib name="value" value="108"/></item>
<item name="ADDRA2" rev="4">
<attrib name="value" value="40"/></item>
<item name="ADDRA3" rev="4">
<attrib name="value" value="40"/></item>
<item name="ADDRA4" rev="4">
<attrib name="value" value="58"/></item>
<item name="ADDRA5" rev="4">
<attrib name="value" value="108"/></item>
<item name="ADDRA6" rev="4">
<attrib name="value" value="108"/></item>
<item name="ADDRA7" rev="4">
<attrib name="value" value="108"/></item>
<item name="ADDRA8" rev="4">
<attrib name="value" value="108"/></item>
<item name="ADDRA9" rev="4">
<attrib name="value" value="108"/></item>
<item name="CLKA" rev="4">
<attrib name="value" value="108"/></item>
<item name="DIA" rev="4">
<attrib name="value" value="108"/></item>
<item name="DIA0" rev="4">
<attrib name="value" value="88"/></item>
<item name="DIA1" rev="4">
<attrib name="value" value="80"/></item>
<item name="DIA10" rev="4">
<attrib name="value" value="60"/></item>
<item name="DIA11" rev="4">
<attrib name="value" value="60"/></item>
<item name="DIA12" rev="4">
<attrib name="value" value="60"/></item>
<item name="DIA13" rev="4">
<attrib name="value" value="60"/></item>
<item name="DIA14" rev="4">
<attrib name="value" value="60"/></item>
<item name="DIA15" rev="4">
<attrib name="value" value="60"/></item>
<item name="DIA16" rev="4">
<attrib name="value" value="50"/></item>
<item name="DIA17" rev="4">
<attrib name="value" value="50"/></item>
<item name="DIA18" rev="4">
<attrib name="value" value="50"/></item>
<item name="DIA19" rev="4">
<attrib name="value" value="50"/></item>
<item name="DIA2" rev="4">
<attrib name="value" value="60"/></item>
<item name="DIA20" rev="4">
<attrib name="value" value="50"/></item>
<item name="DIA21" rev="4">
<attrib name="value" value="50"/></item>
<item name="DIA22" rev="4">
<attrib name="value" value="50"/></item>
<item name="DIA23" rev="4">
<attrib name="value" value="50"/></item>
<item name="DIA24" rev="4">
<attrib name="value" value="50"/></item>
<item name="DIA25" rev="4">
<attrib name="value" value="50"/></item>
<item name="DIA26" rev="4">
<attrib name="value" value="50"/></item>
<item name="DIA27" rev="4">
<attrib name="value" value="50"/></item>
<item name="DIA28" rev="4">
<attrib name="value" value="50"/></item>
<item name="DIA29" rev="4">
<attrib name="value" value="50"/></item>
<item name="DIA3" rev="4">
<attrib name="value" value="60"/></item>
<item name="DIA30" rev="4">
<attrib name="value" value="50"/></item>
<item name="DIA31" rev="4">
<attrib name="value" value="50"/></item>
<item name="DIA4" rev="4">
<attrib name="value" value="60"/></item>
<item name="DIA5" rev="4">
<attrib name="value" value="60"/></item>
<item name="DIA6" rev="4">
<attrib name="value" value="60"/></item>
<item name="DIA7" rev="4">
<attrib name="value" value="60"/></item>
<item name="DIA8" rev="4">
<attrib name="value" value="60"/></item>
<item name="DIA9" rev="4">
<attrib name="value" value="60"/></item>
<item name="DIPA0" rev="4">
<attrib name="value" value="60"/></item>
<item name="DIPA1" rev="4">
<attrib name="value" value="60"/></item>
<item name="DIPA2" rev="4">
<attrib name="value" value="50"/></item>
<item name="DIPA3" rev="4">
<attrib name="value" value="50"/></item>
<item name="DOA" rev="4">
<attrib name="value" value="108"/></item>
<item name="DOA0" rev="4">
<attrib name="value" value="36"/></item>
<item name="DOA1" rev="4">
<attrib name="value" value="32"/></item>
<item name="DOA10" rev="4">
<attrib name="value" value="24"/></item>
<item name="DOA11" rev="4">
<attrib name="value" value="24"/></item>
<item name="DOA12" rev="4">
<attrib name="value" value="24"/></item>
<item name="DOA13" rev="4">
<attrib name="value" value="24"/></item>
<item name="DOA14" rev="4">
<attrib name="value" value="24"/></item>
<item name="DOA15" rev="4">
<attrib name="value" value="24"/></item>
<item name="DOA16" rev="4">
<attrib name="value" value="14"/></item>
<item name="DOA17" rev="4">
<attrib name="value" value="14"/></item>
<item name="DOA18" rev="4">
<attrib name="value" value="14"/></item>
<item name="DOA19" rev="4">
<attrib name="value" value="7"/></item>
<item name="DOA2" rev="4">
<attrib name="value" value="32"/></item>
<item name="DOA20" rev="4">
<attrib name="value" value="7"/></item>
<item name="DOA21" rev="4">
<attrib name="value" value="7"/></item>
<item name="DOA22" rev="4">
<attrib name="value" value="7"/></item>
<item name="DOA23" rev="4">
<attrib name="value" value="7"/></item>
<item name="DOA24" rev="4">
<attrib name="value" value="7"/></item>
<item name="DOA25" rev="4">
<attrib name="value" value="7"/></item>
<item name="DOA26" rev="4">
<attrib name="value" value="7"/></item>
<item name="DOA27" rev="4">
<attrib name="value" value="7"/></item>
<item name="DOA28" rev="4">
<attrib name="value" value="7"/></item>
<item name="DOA29" rev="4">
<attrib name="value" value="7"/></item>
<item name="DOA3" rev="4">
<attrib name="value" value="32"/></item>
<item name="DOA30" rev="4">
<attrib name="value" value="7"/></item>
<item name="DOA31" rev="4">
<attrib name="value" value="7"/></item>
<item name="DOA4" rev="4">
<attrib name="value" value="24"/></item>
<item name="DOA5" rev="4">
<attrib name="value" value="24"/></item>
<item name="DOA6" rev="4">
<attrib name="value" value="24"/></item>
<item name="DOA7" rev="4">
<attrib name="value" value="24"/></item>
<item name="DOA8" rev="4">
<attrib name="value" value="24"/></item>
<item name="DOA9" rev="4">
<attrib name="value" value="24"/></item>
<item name="DOPA0" rev="4">
<attrib name="value" value="8"/></item>
<item name="DOPA1" rev="4">
<attrib name="value" value="8"/></item>
<item name="ENA" rev="4">
<attrib name="value" value="108"/></item>
<item name="SSRA" rev="4">
<attrib name="value" value="108"/></item>
<item name="WEA" rev="4">
<attrib name="value" value="108"/></item>
</group>
<group name="SLICE_FAND">
<item name="0" rev="4">
<attrib name="value" value="3"/></item>
<item name="1" rev="4">
<attrib name="value" value="3"/></item>
<item name="O" rev="4">
<attrib name="value" value="3"/></item>
</group>
<group name="RAMB16_RAMB16B">
<item name="ADDRB" rev="4">
<attrib name="value" value="108"/></item>
<item name="ADDRB10" rev="4">
<attrib name="value" value="108"/></item>
<item name="ADDRB11" rev="4">
<attrib name="value" value="108"/></item>
<item name="ADDRB12" rev="4">
<attrib name="value" value="108"/></item>
<item name="ADDRB13" rev="4">
<attrib name="value" value="108"/></item>
<item name="ADDRB4" rev="4">
<attrib name="value" value="22"/></item>
<item name="ADDRB5" rev="4">
<attrib name="value" value="108"/></item>
<item name="ADDRB6" rev="4">
<attrib name="value" value="108"/></item>
<item name="ADDRB7" rev="4">
<attrib name="value" value="108"/></item>
<item name="ADDRB8" rev="4">
<attrib name="value" value="108"/></item>
<item name="ADDRB9" rev="4">
<attrib name="value" value="108"/></item>
<item name="CLKB" rev="4">
<attrib name="value" value="108"/></item>
<item name="DIB" rev="4">
<attrib name="value" value="108"/></item>
<item name="DIB0" rev="4">
<attrib name="value" value="34"/></item>
<item name="DIB1" rev="4">
<attrib name="value" value="34"/></item>
<item name="DIB10" rev="4">
<attrib name="value" value="34"/></item>
<item name="DIB11" rev="4">
<attrib name="value" value="34"/></item>
<item name="DIB12" rev="4">
<attrib name="value" value="34"/></item>
<item name="DIB13" rev="4">
<attrib name="value" value="34"/></item>
<item name="DIB14" rev="4">
<attrib name="value" value="34"/></item>
<item name="DIB15" rev="4">
<attrib name="value" value="34"/></item>
<item name="DIB16" rev="4">
<attrib name="value" value="33"/></item>
<item name="DIB17" rev="4">
<attrib name="value" value="33"/></item>
<item name="DIB18" rev="4">
<attrib name="value" value="33"/></item>
<item name="DIB19" rev="4">
<attrib name="value" value="33"/></item>
<item name="DIB2" rev="4">
<attrib name="value" value="34"/></item>
<item name="DIB20" rev="4">
<attrib name="value" value="33"/></item>
<item name="DIB21" rev="4">
<attrib name="value" value="33"/></item>
<item name="DIB22" rev="4">
<attrib name="value" value="33"/></item>
<item name="DIB23" rev="4">
<attrib name="value" value="33"/></item>
<item name="DIB24" rev="4">
<attrib name="value" value="33"/></item>
<item name="DIB25" rev="4">
<attrib name="value" value="33"/></item>
<item name="DIB26" rev="4">
<attrib name="value" value="33"/></item>
<item name="DIB27" rev="4">
<attrib name="value" value="33"/></item>
<item name="DIB28" rev="4">
<attrib name="value" value="33"/></item>
<item name="DIB29" rev="4">
<attrib name="value" value="33"/></item>
<item name="DIB3" rev="4">
<attrib name="value" value="34"/></item>
<item name="DIB30" rev="4">
<attrib name="value" value="33"/></item>
<item name="DIB31" rev="4">
<attrib name="value" value="33"/></item>
<item name="DIB4" rev="4">
<attrib name="value" value="34"/></item>
<item name="DIB5" rev="4">
<attrib name="value" value="34"/></item>
<item name="DIB6" rev="4">
<attrib name="value" value="34"/></item>
<item name="DIB7" rev="4">
<attrib name="value" value="34"/></item>
<item name="DIB8" rev="4">
<attrib name="value" value="34"/></item>
<item name="DIB9" rev="4">
<attrib name="value" value="34"/></item>
<item name="DIPB0" rev="4">
<attrib name="value" value="34"/></item>
<item name="DIPB1" rev="4">
<attrib name="value" value="34"/></item>
<item name="DIPB2" rev="4">
<attrib name="value" value="33"/></item>
<item name="DIPB3" rev="4">
<attrib name="value" value="33"/></item>
<item name="DOB" rev="4">
<attrib name="value" value="108"/></item>
<item name="DOB0" rev="4">
<attrib name="value" value="85"/></item>
<item name="DOB1" rev="4">
<attrib name="value" value="82"/></item>
<item name="DOB10" rev="4">
<attrib name="value" value="85"/></item>
<item name="DOB11" rev="4">
<attrib name="value" value="77"/></item>
<item name="DOB12" rev="4">
<attrib name="value" value="81"/></item>
<item name="DOB13" rev="4">
<attrib name="value" value="77"/></item>
<item name="DOB14" rev="4">
<attrib name="value" value="80"/></item>
<item name="DOB15" rev="4">
<attrib name="value" value="76"/></item>
<item name="DOB16" rev="4">
<attrib name="value" value="62"/></item>
<item name="DOB17" rev="4">
<attrib name="value" value="62"/></item>
<item name="DOB18" rev="4">
<attrib name="value" value="62"/></item>
<item name="DOB19" rev="4">
<attrib name="value" value="54"/></item>
<item name="DOB2" rev="4">
<attrib name="value" value="86"/></item>
<item name="DOB20" rev="4">
<attrib name="value" value="54"/></item>
<item name="DOB21" rev="4">
<attrib name="value" value="54"/></item>
<item name="DOB22" rev="4">
<attrib name="value" value="53"/></item>
<item name="DOB23" rev="4">
<attrib name="value" value="53"/></item>
<item name="DOB24" rev="4">
<attrib name="value" value="58"/></item>
<item name="DOB25" rev="4">
<attrib name="value" value="58"/></item>
<item name="DOB26" rev="4">
<attrib name="value" value="58"/></item>
<item name="DOB27" rev="4">
<attrib name="value" value="54"/></item>
<item name="DOB28" rev="4">
<attrib name="value" value="54"/></item>
<item name="DOB29" rev="4">
<attrib name="value" value="53"/></item>
<item name="DOB3" rev="4">
<attrib name="value" value="82"/></item>
<item name="DOB30" rev="4">
<attrib name="value" value="52"/></item>
<item name="DOB31" rev="4">
<attrib name="value" value="53"/></item>
<item name="DOB4" rev="4">
<attrib name="value" value="82"/></item>
<item name="DOB5" rev="4">
<attrib name="value" value="78"/></item>
<item name="DOB6" rev="4">
<attrib name="value" value="81"/></item>
<item name="DOB7" rev="4">
<attrib name="value" value="77"/></item>
<item name="DOB8" rev="4">
<attrib name="value" value="85"/></item>
<item name="DOB9" rev="4">
<attrib name="value" value="81"/></item>
<item name="DOPB0" rev="4">
<attrib name="value" value="36"/></item>
<item name="DOPB1" rev="4">
<attrib name="value" value="35"/></item>
<item name="DOPB2" rev="4">
<attrib name="value" value="35"/></item>
<item name="DOPB3" rev="4">
<attrib name="value" value="35"/></item>
<item name="ENB" rev="4">
<attrib name="value" value="108"/></item>
<item name="SSRB" rev="4">
<attrib name="value" value="108"/></item>
<item name="WEB" rev="4">
<attrib name="value" value="108"/></item>
</group>
<group name="IOB_IFF1">
<item name="CK" rev="4">
<attrib name="value" value="219"/></item>
<item name="D" rev="4">
<attrib name="value" value="219"/></item>
<item name="Q" rev="4">
<attrib name="value" value="219"/></item>
<item name="SR" rev="4">
<attrib name="value" value="20"/></item>
</group>
<group name="IOB_IFF2">
<item name="CK" rev="4">
<attrib name="value" value="23"/></item>
<item name="D" rev="4">
<attrib name="value" value="23"/></item>
<item name="Q" rev="4">
<attrib name="value" value="23"/></item>
<item name="SR" rev="4">
<attrib name="value" value="20"/></item>
</group>
<group name="IOB_DELAY">
<item name="IN" rev="4">
<attrib name="value" value="101"/></item>
<item name="OUT" rev="4">
<attrib name="value" value="101"/></item>
</group>
<group name="SLICE_FFX">
<item name="CE" rev="4">
<attrib name="value" value="3000"/></item>
<item name="CK" rev="4">
<attrib name="value" value="5838"/></item>
<item name="D" rev="4">
<attrib name="value" value="5838"/></item>
<item name="Q" rev="4">
<attrib name="value" value="5838"/></item>
<item name="REV" rev="4">
<attrib name="value" value="63"/></item>
<item name="SR" rev="4">
<attrib name="value" value="4166"/></item>
</group>
<group name="SLICE_GNDF">
<item name="0" rev="4">
<attrib name="value" value="1357"/></item>
</group>
<group name="SLICE_FFY">
<item name="CE" rev="4">
<attrib name="value" value="4458"/></item>
<item name="CK" rev="4">
<attrib name="value" value="8760"/></item>
<item name="D" rev="4">
<attrib name="value" value="8760"/></item>
<item name="Q" rev="4">
<attrib name="value" value="8760"/></item>
<item name="REV" rev="4">
<attrib name="value" value="5"/></item>
<item name="SR" rev="4">
<attrib name="value" value="6470"/></item>
</group>
<group name="SLICE_GNDG">
<item name="0" rev="4">
<attrib name="value" value="1192"/></item>
</group>
<group name="SLICE_C2VDD">
<item name="1" rev="4">
<attrib name="value" value="179"/></item>
</group>
<group name="SLICE_F5MUX">
<item name="F" rev="4">
<attrib name="value" value="1084"/></item>
<item name="G" rev="4">
<attrib name="value" value="1085"/></item>
<item name="OUT" rev="4">
<attrib name="value" value="1085"/></item>
<item name="S0" rev="4">
<attrib name="value" value="1085"/></item>
</group>
<group name="IOB_TFF1">
<item name="CK" rev="4">
<attrib name="value" value="136"/></item>
<item name="D" rev="4">
<attrib name="value" value="136"/></item>
<item name="Q" rev="4">
<attrib name="value" value="136"/></item>
<item name="SR" rev="4">
<attrib name="value" value="64"/></item>
</group>
<group name="SLICE_CYMUXF">
<item name="0" rev="4">
<attrib name="value" value="2100"/></item>
<item name="1" rev="4">
<attrib name="value" value="2100"/></item>
<item name="OUT" rev="4">
<attrib name="value" value="2100"/></item>
<item name="S0" rev="4">
<attrib name="value" value="2100"/></item>
</group>
<group name="SLICE_CYMUXG">
<item name="0" rev="4">
<attrib name="value" value="1877"/></item>
<item name="1" rev="4">
<attrib name="value" value="1877"/></item>
<item name="OUT" rev="4">
<attrib name="value" value="1877"/></item>
<item name="S0" rev="4">
<attrib name="value" value="1877"/></item>
</group>
<group name="IOB_INBUF">
<item name="IN" rev="4">
<attrib name="value" value="234"/></item>
<item name="OUT" rev="4">
<attrib name="value" value="234"/></item>
</group>
<group name="BUFGMUX_GCLKMUX">
<item name="I0" rev="4">
<attrib name="value" value="8"/></item>
<item name="I1" rev="4">
<attrib name="value" value="3"/></item>
<item name="OUT" rev="4">
<attrib name="value" value="8"/></item>
<item name="S" rev="4">
<attrib name="value" value="8"/></item>
</group>
<group name="SLICE">
<item name="BX" rev="4">
<attrib name="value" value="5020"/></item>
<item name="BXOUT" rev="4">
<attrib name="value" value="192"/></item>
<item name="BY" rev="4">
<attrib name="value" value="6057"/></item>
<item name="CE" rev="4">
<attrib name="value" value="5063"/></item>
<item name="CIN" rev="4">
<attrib name="value" value="1798"/></item>
<item name="CLK" rev="4">
<attrib name="value" value="11493"/></item>
<item name="COUT" rev="4">
<attrib name="value" value="1799"/></item>
<item name="DX" rev="4">
<attrib name="value" value="3840"/></item>
<item name="DY" rev="4">
<attrib name="value" value="4622"/></item>
<item name="F1" rev="4">
<attrib name="value" value="11090"/></item>
<item name="F2" rev="4">
<attrib name="value" value="10044"/></item>
<item name="F3" rev="4">
<attrib name="value" value="8687"/></item>
<item name="F4" rev="4">
<attrib name="value" value="6095"/></item>
<item name="F5" rev="4">
<attrib name="value" value="388"/></item>
<item name="FX" rev="4">
<attrib name="value" value="66"/></item>
<item name="FXINA" rev="4">
<attrib name="value" value="227"/></item>
<item name="FXINB" rev="4">
<attrib name="value" value="227"/></item>
<item name="G1" rev="4">
<attrib name="value" value="11907"/></item>
<item name="G2" rev="4">
<attrib name="value" value="11188"/></item>
<item name="G3" rev="4">
<attrib name="value" value="9533"/></item>
<item name="G4" rev="4">
<attrib name="value" value="6529"/></item>
<item name="SLICEWE0" rev="4">
<attrib name="value" value="192"/></item>
<item name="SR" rev="4">
<attrib name="value" value="9259"/></item>
<item name="WF1" rev="4">
<attrib name="value" value="1248"/></item>
<item name="WF2" rev="4">
<attrib name="value" value="1248"/></item>
<item name="WF3" rev="4">
<attrib name="value" value="1248"/></item>
<item name="WF4" rev="4">
<attrib name="value" value="1248"/></item>
<item name="WG1" rev="4">
<attrib name="value" value="1260"/></item>
<item name="WG2" rev="4">
<attrib name="value" value="1260"/></item>
<item name="WG3" rev="4">
<attrib name="value" value="1260"/></item>
<item name="WG4" rev="4">
<attrib name="value" value="1260"/></item>
<item name="X" rev="4">
<attrib name="value" value="9357"/></item>
<item name="XB" rev="4">
<attrib name="value" value="119"/></item>
<item name="XQ" rev="4">
<attrib name="value" value="5838"/></item>
<item name="Y" rev="4">
<attrib name="value" value="9621"/></item>
<item name="YB" rev="4">
<attrib name="value" value="78"/></item>
<item name="YQ" rev="4">
<attrib name="value" value="8760"/></item>
</group>
<group name="SLICE_YBUSED">
<item name="0" rev="4">
<attrib name="value" value="78"/></item>
<item name="OUT" rev="4">
<attrib name="value" value="78"/></item>
</group>
<group name="SLICE_WSGEN">
<item name="CK" rev="4">
<attrib name="value" value="1600"/></item>
<item name="WE" rev="4">
<attrib name="value" value="1600"/></item>
<item name="WE0" rev="4">
<attrib name="value" value="192"/></item>
<item name="WSF" rev="4">
<attrib name="value" value="1484"/></item>
<item name="WSG" rev="4">
<attrib name="value" value="1600"/></item>
</group>
<group name="SLICE_F">
<item name="A1" rev="4">
<attrib name="value" value="11063"/></item>
<item name="A2" rev="4">
<attrib name="value" value="10043"/></item>
<item name="A3" rev="4">
<attrib name="value" value="8687"/></item>
<item name="A4" rev="4">
<attrib name="value" value="6095"/></item>
<item name="D" rev="4">
<attrib name="value" value="10740"/></item>
<item name="DI" rev="4">
<attrib name="value" value="1484"/></item>
<item name="WF1" rev="4">
<attrib name="value" value="1248"/></item>
<item name="WF2" rev="4">
<attrib name="value" value="1248"/></item>
<item name="WF3" rev="4">
<attrib name="value" value="1248"/></item>
<item name="WF4" rev="4">
<attrib name="value" value="1248"/></item>
<item name="WS" rev="4">
<attrib name="value" value="1484"/></item>
</group>
<group name="SLICE_G">
<item name="A1" rev="4">
<attrib name="value" value="11895"/></item>
<item name="A2" rev="4">
<attrib name="value" value="11188"/></item>
<item name="A3" rev="4">
<attrib name="value" value="9533"/></item>
<item name="A4" rev="4">
<attrib name="value" value="6529"/></item>
<item name="D" rev="4">
<attrib name="value" value="11422"/></item>
<item name="DI" rev="4">
<attrib name="value" value="1600"/></item>
<item name="WG1" rev="4">
<attrib name="value" value="1260"/></item>
<item name="WG2" rev="4">
<attrib name="value" value="1260"/></item>
<item name="WG3" rev="4">
<attrib name="value" value="1260"/></item>
<item name="WG4" rev="4">
<attrib name="value" value="1260"/></item>
<item name="WS" rev="4">
<attrib name="value" value="1600"/></item>
</group>
<group name="SLICE_C1VDD">
<item name="1" rev="4">
<attrib name="value" value="162"/></item>
</group>
<group name="IOB_PAD">
<item name="PAD" rev="4">
<attrib name="value" value="356"/></item>
</group>
<group name="IOB">
<item name="I" rev="4">
<attrib name="value" value="12"/></item>
<item name="ICLK1" rev="4">
<attrib name="value" value="219"/></item>
<item name="ICLK2" rev="4">
<attrib name="value" value="23"/></item>
<item name="IQ1" rev="4">
<attrib name="value" value="219"/></item>
<item name="IQ2" rev="4">
<attrib name="value" value="23"/></item>
<item name="O1" rev="4">
<attrib name="value" value="259"/></item>
<item name="O2" rev="4">
<attrib name="value" value="26"/></item>
<item name="OCE" rev="4">
<attrib name="value" value="40"/></item>
<item name="OTCLK1" rev="4">
<attrib name="value" value="247"/></item>
<item name="OTCLK2" rev="4">
<attrib name="value" value="26"/></item>
<item name="PAD" rev="4">
<attrib name="value" value="356"/></item>
<item name="REV" rev="4">
<attrib name="value" value="1"/></item>
<item name="SR" rev="4">
<attrib name="value" value="122"/></item>
<item name="T1" rev="4">
<attrib name="value" value="137"/></item>
</group>
<group name="DCM_DCM">
<item name="CLK0" rev="4">
<attrib name="value" value="6"/></item>
<item name="CLK90" rev="4">
<attrib name="value" value="1"/></item>
<item name="CLKFB" rev="4">
<attrib name="value" value="6"/></item>
<item name="CLKIN" rev="4">
<attrib name="value" value="6"/></item>
<item name="DSSEN" rev="4">
<attrib name="value" value="6"/></item>
<item name="LOCKED" rev="4">
<attrib name="value" value="1"/></item>
<item name="PSCLK" rev="4">
<attrib name="value" value="6"/></item>
<item name="PSEN" rev="4">
<attrib name="value" value="6"/></item>
<item name="PSINCDEC" rev="4">
<attrib name="value" value="6"/></item>
<item name="RST" rev="4">
<attrib name="value" value="6"/></item>
</group>
<group name="BUFGMUX">
<item name="I0" rev="4">
<attrib name="value" value="8"/></item>
<item name="I1" rev="4">
<attrib name="value" value="3"/></item>
<item name="O" rev="4">
<attrib name="value" value="8"/></item>
<item name="S" rev="4">
<attrib name="value" value="8"/></item>
</group>
<group name="SLICE_XORF">
<item name="0" rev="4">
<attrib name="value" value="1431"/></item>
<item name="1" rev="4">
<attrib name="value" value="1431"/></item>
<item name="O" rev="4">
<attrib name="value" value="1431"/></item>
</group>
<group name="SLICE_XORG">
<item name="0" rev="4">
<attrib name="value" value="1104"/></item>
<item name="1" rev="4">
<attrib name="value" value="1104"/></item>
<item name="O" rev="4">
<attrib name="value" value="1104"/></item>
</group>
<group name="SLICE_GAND">
<item name="0" rev="4">
<attrib name="value" value="1"/></item>
<item name="1" rev="4">
<attrib name="value" value="1"/></item>
<item name="O" rev="4">
<attrib name="value" value="1"/></item>
</group>
<group name="DCM">
<item name="CLK0" rev="4">
<attrib name="value" value="6"/></item>
<item name="CLK90" rev="4">
<attrib name="value" value="1"/></item>
<item name="CLKFB" rev="4">
<attrib name="value" value="6"/></item>
<item name="CLKIN" rev="4">
<attrib name="value" value="6"/></item>
<item name="DSSEN" rev="4">
<attrib name="value" value="6"/></item>
<item name="LOCKED" rev="4">
<attrib name="value" value="1"/></item>
<item name="PSCLK" rev="4">
<attrib name="value" value="6"/></item>
<item name="PSEN" rev="4">
<attrib name="value" value="6"/></item>
<item name="PSINCDEC" rev="4">
<attrib name="value" value="6"/></item>
<item name="RST" rev="4">
<attrib name="value" value="6"/></item>
</group>
<group name="RAMB16_RAMB16">
<item name="ADDRA" rev="4">
<attrib name="value" value="108"/></item>
<item name="ADDRB" rev="4">
<attrib name="value" value="108"/></item>
<item name="DIA" rev="4">
<attrib name="value" value="108"/></item>
<item name="DIB" rev="4">
<attrib name="value" value="108"/></item>
<item name="DOA" rev="4">
<attrib name="value" value="108"/></item>
<item name="DOB" rev="4">
<attrib name="value" value="108"/></item>
</group>
</ReportPinData>
<CmdHistory>
</CmdHistory>
</DeviceUsageSummary>
